{
  "missileLaunchers": {
    "launcher": [
      {
        "id": "L101",
        "isHidden": "false",
        "missile": [
          {
            "id": "M1",
            "destination": "Sderot",
            "launchTime": "2",
            "flyTime": "12",
            "damage": "1500"
          },
          {
            "id": "M2",
            "destination": "Beer-Sheva",
            "launchTime": "5",
            "flyTime": "7",
            "damage": "2000"
          }
        ]
      },
      {
        "id": "L102",
        "isHidden": "true",
        "missile": [
          {
            "id": "M3",
            "destination": "Ofakim",
            "launchTime": "4",
            "flyTime": "3",
            "damage": "5000"
          },
          {
            "id": "M4",
            "destination": "Beer-Sheva",
            "launchTime": "9",
            "flyTime": "7",
            "damage": "1000"
          }
        ]
      }
    ]
  },
  "missileDestructors": {
    "destructor": [
      {
        "id": "D201",
        "destructedMissile": [
          {
            "id": "M1",
            "destructAfterLaunch": "4"
          },
          {
            "id": "M3",
            "destructAfterLaunch": "8"
          },
          {
            "id": "M4",
            "destructAfterLaunch": "2"
          }
        ]
      },
      {
        "id": "D202",
        "destructedMissile": [
          {
            "id": "M2",
            "destructAfterLaunch": "3"
          }
        ]
      }
    ]
  },
  "missileLauncherDestructors": {
    "destructor": [
      {
        "type": "plane",
        "destructedLauncher": [
          {
            "id": "L101",
            "destructTime": "4"
          }
        ]
      },
      {
        "type": "shipA",
        "destructedLauncher": [
          {
            "id": "L102",
            "destructTime": "8"
          },
          {
            "id": "L102",
            "destructTime": "12"
          }
        ]
      }
    ]
  }
}

